<?xml version="1.0" encoding="UTF-8" standalone="yes"?>
<addon id="repository.tobalan" name="Jio TV Repository" version="2.0.1" provider-name="tobalan">
    <extension point="xbmc.addon.repository" name="JioTV Repository">
        <dir minversion="19.0">
            <info compressed="false">https://github.com/pasupuletinarasimha999/plugin.video.jiotv/addons.xml</info>
            <checksum>https://github.com/pasupuletinarasimha999/plugin.video.jiotv/addons.xml.md5</checksum>
            <datadir zip="true">https://github.com/pasupuletinarasimha999/plugin.video.jiotv/Zips</datadir>
        </dir>
    </extension>
    <extension point="xbmc.addon.metadata">
        <summary>TobAlan Repository for Kodi</summary>
        <description>A Repository for Streaming Add-ons of Indian OTT Providers</description>
        <platform>all</platform>
        <assets>
            <icon>resources/icon.png</icon>
            <fanart>resources/icon.png</fanart>
            <screenshot>resources/icon.png</screenshot>
            <screenshot>resources/icon.png</screenshot>
            <screenshot>resources/icon.png</screenshot>
        </assets>
        <reuselanguageinvoker>true</reuselanguageinvoker>
    </extension>
</addon>
